{"Loss": 0.00438954820856452, "_runtime": 47, "_timestamp": 1631889947, "_step": 5, "Val Loss": 0.004250733181834221, "Acc": 100.0, "Val Acc": 100.0}