{"Loss": 0.020312834531068802, "_runtime": 22, "_timestamp": 1631891236, "_step": 3, "Val Loss": 0.01856161281466484, "Acc": 99.6, "Val Acc": 99.6, "_wandb": {"runtime": 22}}