{"Loss": 0.004553627222776413, "_runtime": 1550, "_timestamp": 1631892864, "_step": 399, "Val Loss": 0.004354533739387989, "Acc": 99.6, "Val Acc": 99.6, "_wandb": {"runtime": 1549}}