{"Loss": 0.006181109929457307, "_runtime": 48, "_timestamp": 1631889651, "_step": 5, "Val Loss": 0.004504379350692034, "Acc": 100.0, "Val Acc": 100.0}