{"Loss": 0.026605939492583275, "_runtime": 46, "_timestamp": 1631890020, "_step": 3, "Val Loss": 0.02402508445084095, "Acc": 100.0, "Val Acc": 100.0, "_wandb": {"runtime": 45}}